| WSP in the U.S. | Senior Vice President, Project & Program Management | New York, NY | within last 7 days | https://www.linkedin.com/jobs/view/4338915095/ | jobalerts-noreply@linkedin.com | "director pmo": S&P Global - Associate Director, IT Program Manager posted on 4/24/26 |
| FanDuel | Product Senior Director, Discovery & Engagement | New York, NY | within last 7 days | https://www.linkedin.com/jobs/view/4356771052/ | jobalerts-noreply@linkedin.com | "head of product": Clearwater Analytics - Director of Product posted on 4/25/26 |
| Affirm | Senior Director, Product Management | Seattle, WA | within last 7 days | https://www.linkedin.com/jobs/view/4366093132/ | jobalerts-noreply@linkedin.com | "head of product": Amazon - Senior Manager, Product Manager - Tech, FinTech posted on 4/24/26 |
| Affirm | Senior Director, Product Management | San Francisco, CA | within last 7 days | https://www.linkedin.com/jobs/view/4366096110/ | jobalerts-noreply@linkedin.com | "director product  payments remote…": Fiserv - Director, Global Product Strategy & Execution posted on 4/24/26 |
| Xero | VP Product Management - Banking | San Mateo, CA | within last 7 days | https://www.linkedin.com/jobs/view/4366577441/ | jobalerts-noreply@linkedin.com | "head of product": Mastercard - Director, Product Management posted on 4/24/26 |
| Clearwater Analytics | Director of Product | New York, NY | 2026-04-25 | https://www.linkedin.com/jobs/view/4373397437/ | jobalerts-noreply@linkedin.com | "head of product": Clearwater Analytics - Director of Product posted on 4/25/26 |
| S&P Global | Associate Director, IT Program Manager | Princeton, NJ | within last 7 days | https://www.linkedin.com/jobs/view/4373602414/ | jobalerts-noreply@linkedin.com | "director pmo": Adobe - Director, Program Management & Operations, Frame.io posted on 4/24/26 |
| City of Philadelphia | OIT Operations Project and Portfolio Manager | Philadelphia, PA | within last 7 days | https://www.linkedin.com/jobs/view/4375192670/ | jobalerts-noreply@linkedin.com | "director pmo": Spencer's - Director, IT Project Management posted on 4/24/26 |
| Amazon | Head of Product, Alexa Connections | Sunnyvale, CA | within last 7 days | https://www.linkedin.com/jobs/view/4375655522/ | jobalerts-noreply@linkedin.com | "head of product": Mastercard - Director, Product Management posted on 4/24/26 |
| JPMorganChase | Product Solutions Director - Healthcare Payments - Executive Director | Philadelphia, PA | within last 7 days | https://www.linkedin.com/jobs/view/4375808187/ | jobalerts-noreply@linkedin.com | "director product": Liberty Personnel Services, Inc. - Director Product Management posted on 4/24/26 |
| Mastercard | Director, Product Management | San Carlos, CA | within last 7 days | https://www.linkedin.com/jobs/view/4382733092/ | jobalerts-noreply@linkedin.com | "head of product": Mastercard - Director, Product Management posted on 4/24/26 |
| Salesloft | Senior Director, Product & Strategy | United States | within last 7 days | https://www.linkedin.com/jobs/view/4383010704/ | jobs-noreply@linkedin.com | Explore new jobs for "head of product" |
| Ironclad | Senior Director, Product Management - Platform | San Francisco, CA | within last 7 days | https://www.linkedin.com/jobs/view/4383858643/ | jobalerts-noreply@linkedin.com | "head of product": Mastercard - Director, Product Management posted on 4/24/26 |
| Adobe | Director, Program Management & Operations, Frame.io | New York, NY | within last 7 days | https://www.linkedin.com/jobs/view/4384214467/ | jobalerts-noreply@linkedin.com | "director pmo": Adobe - Director, Program Management & Operations, Frame.io posted on 4/24/26 |
| Waymo | Head of Portfolio Strategy and Value Realization | Mountain View, CA | within last 7 days | https://www.linkedin.com/jobs/view/4384225958/ | jobalerts-noreply@linkedin.com | "director pmo": Stealth Startup - Head of Program Management posted on 4/24/26 |
| Deutsche Bank | US Regional Instant Payments Product Head | New York, NY | within last 7 days | https://www.linkedin.com/jobs/view/4384506865/ | jobalerts-noreply@linkedin.com | "director product  payments remote…": Fiserv - Director, Global Product Strategy & Execution posted on 4/24/26 |
| JPMorganChase | Vice President Product Manager - Markets Technology Trading Credit | Jersey City, NJ | within last 7 days | https://www.linkedin.com/jobs/view/4385596895/ | jobalerts-noreply@linkedin.com | "head of product": Clearwater Analytics - Director of Product posted on 4/25/26 |
| Affirm | Senior Director, Technical Programs | Philadelphia, PA | within last 7 days | https://www.linkedin.com/jobs/view/4393028576/ | jobalerts-noreply@linkedin.com | Head of Program Management at G-P |
| Rithum | Director, Services Operations & Planning | United States | within last 7 days | https://www.linkedin.com/jobs/view/4395200790/ | jobalerts-noreply@linkedin.com | Head of Program Management at G-P |
| Fleetio | Director, GTM Technology & Operations | United States | within last 7 days | https://www.linkedin.com/jobs/view/4395723300/ | jobalerts-noreply@linkedin.com | "director pmo": Valeris - Director, Project Management posted on 4/24/26 |
| Sprinklr | VP, Business Transformation & Operations | New York, NY | within last 7 days | https://www.linkedin.com/jobs/view/4396060863/ | jobalerts-noreply@linkedin.com | "director pmo": Adobe - Director, Program Management & Operations, Frame.io posted on 4/24/26 |
| Customer.io | Director, Product Management | United States | within last 7 days | https://www.linkedin.com/jobs/view/4397157730/ | jobalerts-noreply@linkedin.com | "director product": Ladders - Senior Director, Product Management posted on 4/24/26 |
| Capital One | Director, Product Management-Paze | New York, NY | within last 7 days | https://www.linkedin.com/jobs/view/4397345061/ | jobalerts-noreply@linkedin.com | "head of product": Clearwater Analytics - Director of Product posted on 4/25/26 |
| KLA | Senior Director, Technical Program Management - Fleethub | Milpitas, CA | within last 7 days | https://www.linkedin.com/jobs/view/4397510353/ | jobalerts-noreply@linkedin.com | "director pmo": Stealth Startup - Head of Program Management posted on 4/24/26 |
| Columbia Bank New Jersey | VP, Product and Digital | Fair Lawn, NJ | within last 7 days | https://www.linkedin.com/jobs/view/4397512774/ | jobalerts-noreply@linkedin.com | "head of product": W3Global - VP Product Technology posted on 4/24/26 |
| CSL | Associate Director, R&D Project Management | King of Prussia, PA | within last 7 days | https://www.linkedin.com/jobs/view/4401967926/ | jobalerts-noreply@linkedin.com | "director pmo": Spencer's - Director, IT Project Management posted on 4/24/26 |
| Ladders | Senior Product Manager, Operational Intelligence | United States | within last 7 days | https://www.linkedin.com/jobs/view/4403721529/ | jobalerts-noreply@linkedin.com | Senior Product Manager (Infrastructure) at Menlo Security Inc. |
| Ladders | Transformation Strategy Director | United States | within last 7 days | https://www.linkedin.com/jobs/view/4403721530/ | jobalerts-noreply@linkedin.com | "director pmo": Valeris - Director, Project Management posted on 4/24/26 |
| Yext | Director, Technical Project Management | New York, NY | within last 7 days | https://www.linkedin.com/jobs/view/4403772515/ | jobalerts-noreply@linkedin.com | "director pmo": Adobe - Director, Program Management & Operations, Frame.io posted on 4/24/26 |
| Villanova University | Assistant Vice President, Digital Strategy & IT Governance | Villanova, PA | within last 7 days | https://www.linkedin.com/jobs/view/4403782530/ | jobalerts-noreply@linkedin.com | "director pmo": Spencer's - Director, IT Project Management posted on 4/24/26 |
| Compass | Group Product Manager | United States | within last 7 days | https://www.linkedin.com/jobs/view/4404139702/ | jobs-noreply@linkedin.com | Explore new jobs for "head of product" |
| Jobs via Dice | Director, Product Management - Digital Assets | New York, NY | within last 7 days | https://www.linkedin.com/jobs/view/4404734486/ | jobalerts-noreply@linkedin.com | "head of product": Clearwater Analytics - Director of Product posted on 4/25/26 |
| Yahoo | Director, Product Management - Corporate Finance Systems | United States | within last 7 days | https://www.linkedin.com/jobs/view/4405084468/ | jobalerts-noreply@linkedin.com | "director product": Ladders - Senior Director, Product Management posted on 4/24/26 |
| Jobgether | Director, API Platform Product Management | United States | within last 7 days | https://www.linkedin.com/jobs/view/4405304764/ | jobalerts-noreply@linkedin.com | "director product  payments remote…": Affirm - Senior Director, Product Management posted on 4/24/26 |
| Fiserv | Director, Global Product Strategy & Execution | New York, NY | 2026-04-24 | https://www.linkedin.com/jobs/view/4405349366/ | jobalerts-noreply@linkedin.com | "director product  payments remote…": Fiserv - Director, Global Product Strategy & Execution posted on 4/24/26 |
| hackajob | Payments- Emerging Rails Program Manager- Vice President | Jersey City, NJ | within last 7 days | https://www.linkedin.com/jobs/view/4405356266/ | jobalerts-noreply@linkedin.com | "director pmo": S&P Global - Associate Director, IT Program Manager posted on 4/24/26 |
| Phibro Animal Health | Project Management Office (PMO) Leader | Teaneck, NJ | within last 7 days | https://www.linkedin.com/jobs/view/4405358375/ | jobalerts-noreply@linkedin.com | "director pmo": Adobe - Director, Program Management & Operations, Frame.io posted on 4/24/26 |
| Anthropic | Director, Revenue Accounting Operations - Program Management | San Francisco, CA | within last 7 days | https://www.linkedin.com/jobs/view/4405381393/ | jobalerts-noreply@linkedin.com | "director pmo": Stealth Startup - Head of Program Management posted on 4/24/26 |
| Visa | Sr. Director, Consumer Card Products | Foster City, CA | within last 7 days | https://www.linkedin.com/jobs/view/4405389560/ | jobalerts-noreply@linkedin.com | "head of product": Mastercard - Director, Product Management posted on 4/24/26 |
| BetMGM | Director, Program Management (Commercial) | New Jersey, United States | within last 7 days | https://www.linkedin.com/jobs/view/4405390048/ | jobalerts-noreply@linkedin.com | "director pmo": Valeris - Director, Project Management posted on 4/24/26 |
| Teaching Lab | Director, Program Operations | United States | within last 7 days | https://www.linkedin.com/jobs/view/4405847957/ | jobalerts-noreply@linkedin.com | Head of Program Management at G-P |
| JPMorganChase | Payments- Emerging Rails Program Manager- Vice President | Jersey City, NJ | within last 7 days | https://www.linkedin.com/jobs/view/4406166561/ | jobalerts-noreply@linkedin.com | "director pmo": Adobe - Director, Program Management & Operations, Frame.io posted on 4/24/26 |
| W3Global | VP Product Technology | Bethlehem, PA | within last 7 days | https://www.linkedin.com/jobs/view/4406634172/ | jobalerts-noreply@linkedin.com | "head of product": W3Global - VP Product Technology posted on 4/24/26 |
| Nava | Director of Product | United States | within last 7 days | https://www.linkedin.com/jobs/view/4406645184/ | jobalerts-noreply@linkedin.com | "director product": Ladders - Senior Director, Product Management posted on 4/24/26 |
| Gusto | Head of Product, Payroll | New York, NY | within last 7 days | https://www.linkedin.com/jobs/view/4406662354/ | jobalerts-noreply@linkedin.com | "head of product": W3Global - VP Product Technology posted on 4/24/26 |
| SPARK NS | Director Project Management | Menlo Park, CA | within last 7 days | https://www.linkedin.com/jobs/view/4406665008/ | jobalerts-noreply@linkedin.com | "director pmo": Stealth Startup - Head of Program Management posted on 4/24/26 |
| Gusto | Head of Product, Payroll | San Francisco Bay Area | within last 7 days | https://www.linkedin.com/jobs/view/4406673299/ | jobalerts-noreply@linkedin.com | "head of product": Mastercard - Director, Product Management posted on 4/24/26 |
| Johnson & Johnson Innovative Medicine | VP, Head of Technology – Innovative Medicine Global Development | Spring House, PA | within last 7 days | https://www.linkedin.com/jobs/view/4406682618/ | jobalerts-noreply@linkedin.com | "director product": Liberty Personnel Services, Inc. - Director Product Management posted on 4/24/26 |
| Jack & Jill | Co-founding Head of Product / CPO ($200k-$250k + Equity) at vedaya | San Francisco | within last 7 days | https://www.linkedin.com/jobs/view/4406869794/ | jobs-noreply@linkedin.com | Explore new jobs for "head of product" |
